image,Name,Full Birthdate,Ethnicity,Hair Color,Eye Color,Gender,Decade of Birth,Total GIFs,Sources,Link 1 Text,Link 1 URL,Link 2 Text,Link 2 URL,Link 3 Text,Link 3 URL,,,,,,,,,,,,,,,,,,
https://64.media.tumblr.com/003751d0cf6749f322ee3aea9120d048/237115a7e655b087-e0/s540x810/5c1b9566b691101eb0f3b6ebf7b31db041234fd0.gif,Aaron Tveit,"Oct 21, 1983",Caucasian,Blonde,Blue,Male,1980s,699,Graceland Season 3,Graceland,https://sites.google.com/view/tessgifs2023/aaron-tveit/graceland-s3,,,,,,,,,,,,,,,,,,,,,,
https://64.media.tumblr.com/1ce03447092653cfd3478104c571273d/9f3320539766ebbe-3e/s250x400/0451eff20399f4d273d4102aa125d2d99986fc2c.gif,Abigail Spencer,"Aug 4, 1981",Caucasian,Blonde,Blue,Female,1980s,1043,"Suits, Timeless, Greys Anatomy",suits,https://drive.google.com/file/d/1URNjUrs4XWYr2MTWm6lTASPfcj5SElLG/edit?pli=1,timeless,https://drive.google.com/file/d/1V-GcCfVy9sasn0hRbp0sNFAcg7-XK6_A/edit,greys anatomy,https://sites.google.com/view/tessgifsx/a/greys-anatomy,,,,,,,,,,,,,,,,,,
https://64.media.tumblr.com/3342b88ec78e25c15dd5557536203bb5/ec988098eebce49a-5c/s540x810/c0024339088ece53febd5f6930c9b19681c4cfa1.gif,Adriyan Rae,"Sep 7, 1991",African American,Black,Brown,Female,1990s,116,chicago fire,chicago fire S9,https://sites.google.com/view/tessgifs/a/adriyan-rae/chicago-fire-s9,,,,,,,,,,,,,,,,,,,,,,
https://64.media.tumblr.com/02598217fec2639d17573f99216aed0e/0fdbbc3c595e5615-eb/s400x600/38f3bd33fa43e5a47228e3d422331568c6544ee6.gif,Afra Saracoglu,"Nov 2, 1992",Turkish,Brown,Brown,Female,1990s,5477,"Ask Bu Mu, Kardes Cocuklari, Yali Capkini",ASK BU MU,https://sites.google.com/view/tessgifs/a/afra-saracoglu/ask-bu-mu,KARDES COCUKLARI MISC,https://sites.google.com/view/tessgifs2023/afra-saracoglu/afra-kardes-cocuklari,YALI CAPKINI (11-16),https://sites.google.com/view/tessgifs2023/afra-saracoglu/afra-yali-capkini,YALI CAPKINI (misc. 1),https://sites.google.com/view/tessgifsx/a/afra-saracoglu/yali-capkini-misc-1,YALI CAPKINI (misc. 2),https://sites.google.com/view/tessgifsx/a/afra-saracoglu/yali-capkini-misc-2,YALI CAPKINI (misc. 3),https://sites.google.com/view/tessgifsx/a/afra-saracoglu/yali-capkini-misc-3,YALI CAPKINI (misc. 4),https://sites.google.com/view/tessgifsx/a/afra-saracoglu/yali-capkini-misc-4,YALI CAPKINI (misc. 5),https://sites.google.com/view/tessgifsx/a/afra-saracoglu/yali-capkini-misc-5,YALI CAPKINI (misc. 6),https://sites.google.com/view/tessgifsx/a/afra-saracoglu/yali-capkini-misc-6,YALI CAPKINI (misc. 7),https://sites.google.com/view/tessgifsx/a/afra-saracoglu/yali-capkini-misc-7,YALI CAPKINI (misc. 8),https://sites.google.com/view/tessgifsx/a/afra-saracoglu/yali-capkini-misc-8,YALI CAPKINI (59),https://sites.google.com/view/tessgifsx/a/afra-saracoglu/yali-capkini-misc-59
https://64.media.tumblr.com/1e3f8795f9dc8620f3c057ca6f3b6878/ec988098eebce49a-a6/s540x810/91c60c4e011eda432cadf649a2d279dffd7bcade.gif,Ahsen Eroglu,"Dec 2, 1993",Turkish,Brown,Brown,Female,1990s,1120,"KUZGUN, MENAJERIMI ARA",KUZGUN (19-21),https://sites.google.com/view/tessgifs/a/ahsen-eroglu/kuzgun-19-21,MENAJERIMI ARA (MISC 1),https://sites.google.com/view/tessgifs/a/ahsen-eroglu/menajerimi-ara-misc-1,MENAJERIMI ARA (MISC 2),https://sites.google.com/view/tessgifs/a/ahsen-eroglu/menajerimi-ara-misc-2,MENAJERIMI ARA (39),https://sites.google.com/view/tessgifs/a/ahsen-eroglu/menajerimi-ara-39,MENAJERIMI ARA (40),https://sites.google.com/view/tessgifs/a/ahsen-eroglu/menajerimi-ara-40,,,,,,,,,,,,,,
https://64.media.tumblr.com/6a9b435457147492869357660af9ed0f/7e34a92e9fc9953a-e6/s540x810/d683dc6afaca0b81a1b755393482de84df06b864.gif,Aimee Carrero,"Jul 15, 1988",Latina,Brown,Brown,Female,1980s,400,misc,misc,https://sites.google.com/view/tessgifs/a/aimee-carrero/misc,,,,,,,,,,,,,,,,,,,,,,
https://64.media.tumblr.com/37b4777bce27337ff4eea619a0ac89ff/a836ccf2bfa4c037-03/s540x810/1fc65d48be76a45fe0c0da32cc159599b3271241.gif,AJ Michalka,"Apr 10, 1991",Caucasian,Blonde,Brown,Female,1990s,659,Schooled,schooloed season 1 pt 1,https://sites.google.com/view/tessgifs/a/aj-michalka/schooled-pt-1,SEASON 1 PT 2,https://sites.google.com/view/tessgifs/a/aj-michalka/schooled-pt-2,,,,,,,,,,,,,,,,,,,,
https://64.media.tumblr.com/fdf3fa464b955486fabc978189f72c37/8c75ff3cb43efd91-0c/s540x810/bdefbc0082d6910355d4732f9d8030e095cef6d3.gif,Alara Turan,"Oct 12, 1998",Turkish,Brown,Brown,Female,1990s,554,"KARDES COCUKLARI, EVLILIK HAKKINDA HER SEY",KARDES COCUKLARI (MISC),https://sites.google.com/view/tessgifs/a/alara-turan/kardes-cocuklari-misc,EVLILIK HAKKINDA HER SEY (15-16),https://sites.google.com/view/tessgifs/a/alara-turan/evlilik-hakkinda-her-sey-15-16,EVLILIK HAKKINDA HER SEY (17-20),https://sites.google.com/view/tessgifs/a/alara-turan/evlilik-hakkinda-her-sey-17-20,,,,,,,,,,,,,,,,,,
https://64.media.tumblr.com/98355bd904f4f5f643a87859d6bf187a/22932691379ac9c0-3b/s540x810/4d75a70a892e23d3fe8396e21e7839051c8c1ee6.gif,Alberto Rosende,"Feb 14, 1993",Hispanic,Brown,Brown,Male,1990s,982,chicago fire,chicago fire (misc),https://sites.google.com/view/tessgifs2023/alberto-rosede/alberto-cf,,,,,,,,,,,,,,,,,,,,,,
https://66.media.tumblr.com/e2e3933fab2c166fc7a4503c3f6644ba/ec988098eebce49a-3a/s540x810/a3c7a563725b08fa9cda6e74c62234c8d9795458.gif,Alex Fitzalan,"Jul 26, 1996",Caucasian,Blonde,Blue,Male,1990s,145,the society,the society,https://sites.google.com/view/tessgifs/a/alex-fitzalan/the-society-102-103,,,,,,,,,,,,,,,,,,,,,,
https://64.media.tumblr.com/3ad05c71fb497d46909560711789745a/1b372d1ee9acd10d-22/s540x810/4a92adc0a635d252630d6c08d9c93fa43e226e48.gif,Alex Mallari Junior,"Oct 13, 1988",Filipino,Black,Brown,Male,1980s,505,WORKIN MOMS & ONE DELICIOUS CHRISTMAS,WORKIN MOMS & ONE DELICIOUS CHRISTMAS,https://sites.google.com/view/tessgifs2023/alex-mallari-jr,,,,,,,,,,,,,,,,,,,,,,
https://64.media.tumblr.com/159d51ffd08aa84e3f645b1e49ea3de0/a836ccf2bfa4c037-af/s540x810/c632524376c45a3680371e97ad7ad0ee44c5a1d9.gif,Alex Tarrant,"Mar 20, 1992",Māori,Brown,Brown,Male,1990s,107,ncis: hawaii,ncis: hawaii,https://sites.google.com/view/tessgifs/a/alex-tarrant/ncis-hawaii,,,,,,,,,,,,,,,,,,,,,,
https://64.media.tumblr.com/ad47cf94f933a358ebb53f9fd535bd23/7adbfc9218d71b3d-89/s540x810/19efa2e77398e142219c0d0895447f7feadce23b.gif,Alexandra Park,"May 14, 1989",Caucasian,Blonde,Brown,Female,1980s,228,The Royals ,The royals s4,https://sites.google.com/view/tessgifs/a/alexandra-park/the-royals,,,,,,,,,,,,,,,,,,,,,,
https://64.media.tumblr.com/f7f065731ca81694320089ee4e4e00bb/c1459c9f85d1636f-c4/s540x810/4a8f939a82eaadd612429843e3f5e1f6fe69f975.gif,Alina Boz,"Oct 14, 1998",Russian-Turkish,Blonde,Blue,Female,1990s,522,elimi birakma,elimi birakma 1,https://sites.google.com/view/tessgifs/a/alina-boz/elimi-birakma-1,elimi birakma (misc),https://sites.google.com/view/tessgifs/a/alina-boz/elimi-birakma-misc,,,,,,,,,,,,,,,,,,,,
https://64.media.tumblr.com/088c7a950f9682994fd915f12299cda1/a97d1eee809d2ee2-32/s540x810/2ab06ff835818e32892cd39fcf393ff611d3dc58.gif,Alperen Duymaz,"Nov 3, 1992",Turkish,Brown,Brown,Male,1990s,4538,"CARPISMA, SON YAZ, ZEMHERI, ERKEK SEVERSE, CUKUR",CARPISMA (MISC),https://sites.google.com/view/tessgifs2023/alperen-duymaz/carpisma-nav,SON YAZ (21-22),https://sites.google.com/view/tessgifs2023/alperen-duymaz/son-yaz-nav,ZEMHERI (MISC),https://sites.google.com/view/tessgifs/a/alperen-duymaz/zemheri-misc,ERKEK SEVERSE (1-4),https://sites.google.com/view/tessgifs2023/alperen-duymaz/erkek-severse-nav,CUKUR (17-33),https://sites.google.com/view/tessgifs2023/alperen-duymaz/cukur-nav,,,,,,,,,,,,,,
https://64.media.tumblr.com/25a01178dd0bbb5a514e85024cea5af7/a836ccf2bfa4c037-5b/s540x810/e4cf3701b3ccb442a853102a0c067174410b5aac.gif,Alp Navruz,"Jan 15, 1990",Turkish,Brown,Brown,Male,1990s,3235,"ADA MASALI, ELIMI BIRAKMA, ZUMRUDUANKA, FAZILET HANIM VE KIZLARI, YUREK CIKMAZI",ADA MASALI (MISC EPS),https://sites.google.com/view/tessgifs2023/alp-navruz/ada-masali-nav,ELIMI BIRAKMA (39),https://sites.google.com/view/tessgifs/a/alp-navruz/elimi-birakma-39,ZUMRUDUANKA (13),https://sites.google.com/view/tessgifs/a/alp-navruz/zumruduanka-13,FAZILET HANIM VE KIZLARI (14),https://sites.google.com/view/tessgifs/a/alp-navruz/fhvk-14,YUREK CIKMAZI (MISC),https://sites.google.com/view/tessgifs2023/alp-navruz/yurek-cikmazi-misc,,,,,,,,,,,,,,
https://64.media.tumblr.com/3e990d863050a74f0938c06ccfc7b136/20289ce9ac5bf1ae-2d/s540x810/380676b69c7554f90d27a4a8229588c3336f99e8.gif,Alyssa Diaz,"Sep 7, 1985",Latina,Brown,Brown,Female,1980s,1661,The Rookie ,The rookie season 1-s5,https://sites.google.com/view/tessgifs2023/alyssa-diaz/alyssa-diaz-the-rookie,,,,,,,,,,,,,,,,,,,,,,
https://64.media.tumblr.com/58499eebf3575c103373944fba72fb19/34d4a2c8144684b7-3e/s540x810/3d1f032c238e15e47bdd88e6d5e1666fe14d942d.gif,Andrea Dodero,"Aug 10, 1991",Caucasian,Blonde,Blue,Female,1990s,471,BLOCCO 181,BLOCCO 181,https://sites.google.com/view/tessgifs2023/andrea-dodero/blocco-181-s1-andrea-dodero,,,,,,,,,,,,,,,,,,,,,,
https://64.media.tumblr.com/86faeaf9ccfbf3f34119f47227b03792/b0a8fe31d8022afd-69/s540x810/65bad09737e97ab0a930ba9fb661e0332c9ea027.gif,Andy Samberg,"Aug 18, 1978","Jewish, Caucasian",Brown,Brown,Male,1970s,133,BROOKLYN 99,BROOKLYN 99,https://sites.google.com/view/tessgifs/a/andy-samberg/b99-misc,,,,,,,,,,,,,,,,,,,,,,
https://66.media.tumblr.com/bc169b468255d54634ec75993585c313/ec988098eebce49a-19/s540x810/ac9505c8cb4de012080b8f92a900893834db88b9.gif,Antonia Thomas,"Nov 3, 1986",British-African,Black,Brown,Female,1980s,340,the good doctor,the good doctor 3x01-3x05,https://sites.google.com/view/tessgifs/a/antonia-thomas/the-good-doctor-3x01-3x05,the good doctor 3.14-3.15,https://sites.google.com/view/tessgifs/a/antonia-thomas/the-good-doctor-ep-3x12-3x14,,,,,,,,,,,,,,,,,,,,
https://64.media.tumblr.com/52fa360666f283e7a2b433a2f2d52671/19c5c54ccaa3b585-2c/s540x810/b5de458da2f268692281ea1b193e3c1c1e0a6c3f.gif,Arielle Kebbel,"Sep 19, 1985",Caucasian,Blonde,Brown,Female,1980s,450,a brush with love,a brush with love,https://sites.google.com/view/tessgifs/a/arielle-kebbel/a-brush-with-love,,,,,,,,,,,,,,,,,,,,,,
https://64.media.tumblr.com/9974e5974b5678352180eba01be69369/76228e43f6b1ef04-af/s540x810/e86e1c8903635d5b0b264e55e2960b066d31276e.gif,Arnaud Valois,"May 24, 1987",French,Brown,Green,Male,1980s,323,"120 BPM, SPRING BLOSSOM",120 BPM,https://sites.google.com/view/tessgifs/a/arnaud-valois/120-bpm,SPRING BLOSSOM,https://sites.google.com/view/tessgifs/a/arnaud-valois/spring-blossom,,,,,,,,,,,,,,,,,,,,
https://66.media.tumblr.com/d1f81b2081de756516d5f21997165969/tumblr_inline_prhe9ckqIW1uy9est_540.gif,Asia Kate Dillon,"Mar 15, 1988",White,Blonde,Brown,Non-binary,1980s,,billions,BILLIONS (4X07),https://sites.google.com/view/tessgifs/a/asia-kate-dillon/billions-4x07,,,,,,,,,,,,,,,,,,,,,,
https://64.media.tumblr.com/657367afa74332fa22ea0002e095a3ba/d495bec393c6391e-e1/s540x810/3bb62bdb55cc36865a034072a2027c8db3791133.gif,Asli Bekiroglu,"Nov 16, 1995",Turkish,Brown,Brown,Female,1990s,515,BENIM TATLI YALANIM,BENIM TATLI YALANIM (MISC),https://sites.google.com/view/tessgifs/a/asli-bekiroglu/benim-tatli-yalanim-misc,BENIM TATLI YALANIM (28),https://sites.google.com/view/tessgifs/a/asli-bekiroglu/benim-tatli-yalanim-28,,,,,,,,,,,,,,,,,,,,
https://64.media.tumblr.com/c4f9ff26f087c6babafa4cff092baa4b/cac9e15fcf865692-13/s540x810/e5400007ddef45f215d2a62ee36463e4d1641c35.gif,Asli Enver,"May 10, 1984",Turkish-Cypriot,Brown,Brown,Female,1980s,509,ISTANBULLU GELIN,ISTANBULLU GELIN (MISC),https://sites.google.com/view/tessgifs/a/asli-enver/istanbullu-gelin-misc,ISTANBULLU GELIN,https://sites.google.com/view/tessgifs/a/asli-enver/istanbullu-gelin-69,,,,,,,,,,,,,,,,,,,,
https://66.media.tumblr.com/65eab231e9269980dc628767ce897827/ec988098eebce49a-d8/s540x810/00dd588be535ccfd960ad8d0cb489daa12ab6be4.gif,Aslihan Malbora,"Nov 18, 1990",Turkish,Brown,Brown,Female,1990s,956,"HER YERDE SEN, GEL DESE ASK, GECEN YAZ, UC KURUS",HER YERDE SEN (22),https://sites.google.com/view/tessgifs/a/aslihan-malbora/her-yerde-sen-22,GEL DESE ASK (1+4),https://sites.google.com/view/tessgifs/a/aslihan-malbora/gel-dese-ask-1-4,GECEN YAZ,https://sites.google.com/view/tessgifs/a/aslihan-malbora/gecen-yaz,UC KURUS (16),https://sites.google.com/view/tessgifs/a/aslihan-malbora/uc-kurus-16,UC KURUS (23-24),https://sites.google.com/view/tessgifs/a/aslihan-malbora/uc-kurus-23-24,,,,,,,,,,,,,,
https://64.media.tumblr.com/ec3773e48419af2f195eb182106f4a2f/a836ccf2bfa4c037-6e/s540x810/4eca5c4bd0e6d361a8c2ed84f789f1f3d602890c.gif,Aybuke Pusat,"Feb 5, 1994",Turkish,Brown,Brown,Female,1990s,287,her yerde sen,her yerde sen,https://sites.google.com/view/tessgifs/a/aybuke-pusat/her-yerde-sen-23,,,,,,,,,,,,,,,,,,,,,,
https://64.media.tumblr.com/c713a33df3ec388c585876c72d398708/ec988098eebce49a-6a/s540x810/fac8eb55d0d491805702350689ca580046705923.gif,Ayca Aysin Turan,"Oct 25, 1990",Turkish,Brown,Brown,Female,1990s,5333,"ZEMHERI, THE PROTECTOR, ARIZA, ADA MASALI, MERYEM",ZEMHERI (MISC),https://sites.google.com/view/tessgifs2023/ayca-aysin-turan/zemhari-nav,THE PROTECTOR,https://sites.google.com/view/tessgifs/a/ayca-aysin-turan/the-protector-misc,ARIZA (MISC),https://sites.google.com/view/tessgifs2023/ayca-aysin-turan/ariza-nav,ADA MASALI (MISC),https://sites.google.com/view/tessgifs2023/ayca-aysin-turan/ada-masali-nav,MERYEM (29),https://sites.google.com/view/tessgifs/a/ayca-aysin-turan/meryem-29,MERYEM (23),https://sites.google.com/view/tessgifs/a/ayca-aysin-turan/meryem-23,,,,,,,,,,,,
https://64.media.tumblr.com/f3d21760e71600987f00a09d21042fb5/a836ccf2bfa4c037-be/s540x810/835d700fa8ba27f45c1fbe1296c71c3c543f332d.gif,Aytac Sasmaz,"May 4, 1988",Turkish,Brown,Brown,Male,1980s,967,BAHT OYUNU,BAHT OYUNU (1),https://sites.google.com/view/tessgifs/a/aytac-sasmaz/baht-oyunu-1,BAHT OYUNU (9),https://sites.google.com/view/tessgifs/a/aytac-sasmaz/baht-oyunu-9,BAHT OYUNU (13),https://sites.google.com/view/tessgifs/a/aytac-sasmaz/baht-oyunu-13,,,,,,,,,,,,,,,,,,
https://64.media.tumblr.com/74ff2aa2e9a282dddb5b70349a5bff0d/c70a1783a928fae2-c1/s400x600/01b1d49276472168fc9c15ffd114d10c9a935c78.gif,Bahar Sahin,"May 26, 1994",Turkish,Brown,Brown,Female,1990s,7583,"SERVET, LISE DEVRIYESI, OHA DIYORUM, YOL ARKADASIM, ZALIM ISTANBUL, DURAN, GULUMSE KADERINE, TETIKCININ OGLU, ZEVCAT",SERVET (PT1),https://sites.google.com/view/tessgifs/b/bahar-sahin/servet-pt-1,SERVET (PT 2),https://sites.google.com/view/tessgifs/b/bahar-sahin/servet-pt-2,LISE DEVRIYESI (6-7),https://sites.google.com/view/tessgifs/b/bahar-sahin/lise-devriyesi-6-7,OHA DIYORUM,https://sites.google.com/view/tessgifs/b/bahar-sahin/oha-diyorum,YOL ARKADASIM (1+2),https://sites.google.com/view/tessgifs/b/bahar-sahin/yol-,,,,,,,,,,,,,,
https://64.media.tumblr.com/2bfd61b2c780c23d1b6ad578bc80f186/03a04ff701fe277a-40/s540x810/7948b4e4d2aa83854696903b184fdbd3de24adfb.gif,Baris Arduc,"Oct 9, 1987",Turkish,Brown,Brown,Male,1980s,829,"KIRALIK ASK, MUTLULUK ZAMANI",KIRALIK ASK (MISC 1),https://sites.google.com/view/tessgifs/b/baris-arduc/kiralik-ask-misc,KIRALIK ASK (MISC 2),https://sites.google.com/view/tessgifs/b/baris-arduc/kiralik-ask-misc-2,MUTLULUK ZAMANI,https://sites.google.com/view/tessgifs/b/baris-arduc/mutluluk-zamani,,,,,,,,,,,,,,,,,,
https://66.media.tumblr.com/eca59471d46b27ff6c618caa46a50f7b/ec988098eebce49a-db/s540x810/7fbac0fd88c14e6f38644e3f7cfd11aa086abe34.gif,Barkha Singh,"Aug 3, 1992",Indian,Black,Brown,Female,1990s,345,"PLEASE FIND ATTACHED, HOME SWEET OFFICE",PLEASE FIND ATTACHED,https://sites.google.com/view/tessgifs/b/barkha-singh/please-find-attached,HOME SWEET OFFICE,https://sites.google.com/view/tessgifs/b/barkha-singh/home-sweet-office,,,,,,,,,,,,,,,,,,,,
https://64.media.tumblr.com/ae80d6ad2c1a888d1e6099c138c9924f/954b9d97843facde-ef/s540x810/5d6314d99c3ef866cc51a0d4c923f40b1bfd1c4e.gif,Basak Gumulcinelioglu,"Jul 4, 1995",Turkish,Brown,Brown,Female,1990s,638,"SEN CAL KAPIMI, ERKENCI KUS",SEN CAL KAPIMI (16-17),https://sites.google.com/view/tessgifs/b/basak-gumulcinelioglu/sck-16-17,ERKENCI KUS (40-48),https://sites.google.com/view/tessgifs/b/basak-gumulcinelioglu/erkenci-kus,,,,,,,,,,,,,,,,,,,,
https://64.media.tumblr.com/9c15064aac30a829a48021b1271d12e7/d2ea8e25268847d4-01/s540x810/30303c0430f7bfa952b9a8df583f1de7b3bdf425.gif,Begum Akkaya,"Jan 13, 1995",Turkish,Brown,Brown,Female,1990s,267,YENI HAYAT,YENI HAYAT (MISC),https://sites.google.com/view/tessgifs2023/begüm-akkaya-yeni-hayat,,,,,,,,,,,,,,,,,,,,,,
https://64.media.tumblr.com/871377b3915ef27719017422caebcd41/e1edeb9e33c627df-47/s540x810/2b30d258dba8581b40ed3fd0f6af7a171e9657e2.gif,Ben Robson,"Feb 4, 1984",British,Brown,Green,Male,1980s,593,ANIMAL KINGDOM,ANIMAL KINGDOM (S6),https://sites.google.com/view/tessgifs2023/ben-robson/ak-season-6,,,,,,,,,,,,,,,,,,,,,,
https://64.media.tumblr.com/ac30b48ce14e8b800a63d089824d9cc5/2e176be7b645b07c-85/s540x810/e6f90bc4ffa6c820c0ddf456cbf8b067c0dc89f1.gif,Bensu Soral,"Mar 23, 1991",Turkish,Brown,Brown,Female,1990s,1440,"ICERDE, CAM TAVANLAR",ICERDE (MISC),https://sites.google.com/view/tessgifs/b/bensu-soral/icerde-misc,ICERDE (29),https://sites.google.com/view/tessgifs/b/bensu-soral/icerde-29,CAM TAVANLAR (2),https://sites.google.com/view/tessgifs/b/bensu-soral/cam-tavanlar-2,CAM TAVANLAR (7),https://sites.google.com/view/tessgifs/b/bensu-soral/cam-tavanlar-7,CAM TAVANLAR (8),https://sites.google.com/view/tessgifs/b/bensu-soral/cam-tavanlar-8,,,,,,,,,,,,,,
https://64.media.tumblr.com/26a5c713cde0902cbbe2c82c759c1964/a836ccf2bfa4c037-f9/s540x810/eca10b62090d30c754e7b352067a3407e1f07e3d.gif,Beren Saat,"Feb 26, 1984",Turkish,Dark Brown,Brown,Female,1980s,665,MAGNIFICENT CENTURY: KOSEM,magnificent century: kosem,https://sites.google.com/view/tessgifs/b/beren-saat/magnificent-century-7,https://sites.google.com/view/tessgifs/b/beren-saat/magnificent-century-8,https://sites.google.com/view/tessgifs/b/beren-saat/magnificent-century-9,,,,,,,,,,,,,,,,,,,,
https://64.media.tumblr.com/e93cf5a9df8a65bbca31839ae3fb15a4/ec988098eebce49a-e1/s540x810/b491f29e95571510a3e88c67052a121d3d33a1d8.gif,Berk Atan,"Sep 26, 1991",Turkish,Brown,Brown,Male,1990s,830,"CENNET'IN GOZYASLARI, DAYAN YUREGIM, GONUL DAGI","cennet'in gozyaslari, dayan yuregim, gonul dagi",https://sites.google.com/view/tessgifs/b/berk-atan/cennetin-gozyaslari-misc,https://sites.google.com/view/tessgifs/b/berk-atan/dayan-yuregim-misc,https://sites.google.com/view/tessgifs/b/berk-atan/dayan-yuregim-3,https://sites.google.com/view/tessgifs/b/berk-atan/dayan-yuregim-11,https://sites.google.com/view/tessgifs/b/berk-atan/gonul-dagi-24,,,,,,,,,,,,,,,,,,
https://66.media.tumblr.com/07ccf9d6411e17e6431b84517112d582/tumblr_inline_po0qr5Ht821uy9est_540.gif,Berk Cankat,"Dec 18, 1990",Turkish,Brown,Brown,Male,1990s,652,"YILDIZLAR SHIDIM, SIFIRINCI GUN","yildizlar shidim, sifirinci gun",https://sites.google.com/view/tessgifs/b/berk-cankat/yildizar-sahidim,https://sites.google.com/view/tessgifs2023/berk-cankat/sefirinci-gun,,,,,,,,,,,,,,,,,,,,,
https://64.media.tumblr.com/3a51f4d6714ab81d5eb62b4546a398d9/ec988098eebce49a-dd/s540x810/aac65efdb177594cfc55c99145976f4d01182ac2.gif,Berkay Hardal,"Nov 6, 1993",Turkish,Brown,Brown,Male,1990s,518,"YOUTUBE, MELEKLERIN ASKI","youtube, meleklerin aski",https://sites.google.com/view/tessgifs/b/berkay-hardal/misc-youtube,https://sites.google.com/view/tessgifs/b/berkay-hardal/meleklerin-aski-1,,,,,,,,,,,,,,,,,,,,,
https://64.media.tumblr.com/08dbc643340ee2e39c689fdd2f9ef7f3/a12c3e01c57bd3a6-61/s540x810/5d85afe28309b9e692b5f1649860fbf598621d6b.gif,Berker Guven,"Dec 7, 1989",Turkish,Dark Brown,Brown,Male,1980s,1210,"ZALIM ISTANBUL, UC KIZ KARDES","zalim istanbul, uc kiz kardes",https://sites.google.com/view/tessgifs/b/berker-guven/zalim-istanbul-37,https://sites.google.com/view/tessgifs/b/berker-guven/zalim-istanbul-21,https://sites.google.com/view/tessgifs/b/berker-guven/zalim-istanbul-36,https://sites.google.com/view/tessgifs/b/berker-guven/uc-kiz-kardes-3,https://sites.google.com/view/tessgifs2023/berker-guven/uc-kiz-kardes,,,,,,,,,,,,,,,,,,
https://64.media.tumblr.com/f58f42191502014d133ce2568c9eaefd/a836ccf2bfa4c037-bb/s540x810/bcd847f3bdcae85c80e89cc2e226ed1a534e0fbc.gif,Bestemsu Ozdemir,"Jul 26, 1989",Turkish,Brown,Brown,Female,1980s,72,MERYEM,meryem,https://sites.google.com/view/tessgifs/b/bestemsu-ozdemir/meryem-23-25,,,,,,,,,,,,,,,,,,,,,,
https://64.media.tumblr.com/83f8889f2e6e31b2d6668a3f53458985/0157f5324dadc63c-f4/s540x810/50f5432d62f786fa509b97aeec8ec19fe5ecbb73.gif,Biran Damla Yilmaz,"Jun 18, 1997",Turkish,Brown,Brown,Female,1990s,588,"YASAK ELMA, BARAJ","yasak elma, baraj","https://sites.google.com/view/tessgifs/b/biran-damla-yilmaz/yasak-elma-111-112, https://sites.google.com/view/tessgifs/b/biran-damla-yilmaz/baraj-misc, https://sites.google.com/view/tessgifs/b/biran-damla-yilmaz/yasak-elma-146",,,,,,,,,,,,,,,,,,,,,,
https://64.media.tumblr.com/d2a2d240c144bc84d6f474c685146107/a836ccf2bfa4c037-f7/s540x810/b972d664bc997fdf92e8f5b8120d34e002a826ed.gif,Birkan Sokullu,,,,,,,699,"HAYAT SARKISI, MASUMLAR APARTMANI, BIR AILE HIKAYESI","hayat sarkisi, masumlar apartmani, bir aile hikayesi","https://sites.google.com/view/tessgifs/b/birkan-sokullu/hayat-sarkisi-18, https://sites.google.com/view/tessgifs/b/birkan-sokullu/masumlar-apartmani-misc, https://sites.google.com/view/tessgifs/b/birkan-sokullu/bir-aile-hikayes-18",,,,,,,,,,,,,,,,,,,,,,
https://66.media.tumblr.com/0b970d6759a06980f6cb1c721f7d64ca/tumblr_inline_po5zx12zfC1uy9est_540.gif,Britt Robertson,"Apr 18, 1990",Caucasian,Blonde,Blue,Female,1990s,725,"ASK ME ANYTHING, FOR THE PEOPLE","ask me anything, for the people","https://sites.google.com/view/tessgifs/b/britt-robertson/ask-me-anything, https://sites.google.com/view/tessgifs/b/britt-robertson/for-the-people",,,,,,,,,,,,,,,,,,,,,,
https://66.media.tumblr.com/a31c10b0ab7e0a4b56222c0f4a5bf5ae/ec988098eebce49a-50/s540x810/4cc735ed53d74637fa1597f094bab1b702ea408b.gif,Bruna Mascarenhas,"Aug 21, 1994",Brazilian,Brown,Brown,Female,1990s,346,SINTONIA (S1),sintonia (s1),https://sites.google.com/view/tessgifs/b/bruna-mascarenhas/sintonia-s1,,,,,,,,,,,,,,,,,,,,,,
https://64.media.tumblr.com/73dfd22e56a8b123669b9db4825d2f66/2ebe423b0d47d370-c8/s540x810/14d28019b1d7a5381fbea7775d1e95ea177c9d1c.gif,Burak Celik,"May 9, 1987",Turkish,Brown,Brown,Male,1980s,1332,SENDEN DAHA GUZEL (1-5),senden daha guzel (1-5),https://sites.google.com/view/tessgifs2023/burak-celik-in-senden-daha-guzel,,,,,,,,,,,,,,,,,,,,,,
https://66.media.tumblr.com/bb5931947eda032da03404b960d1c627/tumblr_inline_prxjncdNje1uy9est_540.gif,Burak Deniz,"Nov 17, 1991",Turkish,Dark Brown,Brown,Male,1990s,82,ASK LAFTAN ANLAMAZ (1),ask laftan anlamaz (1),https://sites.google.com/view/tessgifs/b/burak-deniz/ask-laftan-anlamaz-1,,,,,,,,,,,,,,,,,,,,,,
https://64.media.tumblr.com/126407b36864f4dc02bc66cb52ceca3f/d07002b3432a7b19-26/s540x810/af85b4ad5e54b118b54428314f9c29633e62194d.gif,Burcu Ozberk,"Dec 12, 1989",Turkish,Brown,Brown,Female,1980s,"9,814","AFILI ASK (MISC), ASK MANTIK INTIKAM (MISC), COCUKLUK (MISC), KRALICE (1), RUYANDA GORURSUN",AFILI ASK (MISC),https://sites.google.com/view/tessgifs2023/burcu-ozberk/afili-ask-directory,ASK MANTIK INTIKAM (MISC),https://sites.google.com/view/tessgifs2023/burcu-ozberk/ask-mantik-intikam-directory,COCUKLUK (MISC),https://sites.google.com/view/tessgifs/b/burcu-ozberk/cocukluk-misc,KRALICE (1),https://sites.google.com/view/tessgifs2023/burcu-ozberk/kralice-1,RUYANDA GORURSUN,https://sites.google.com/view/tessgifs2023/burcu-ozberk/rüyanda-görürsün,,,,,,,,,,,,,,
https://64.media.tumblr.com/75357d87dcfe73eb2a3e60426e6128c0/deff095d4613901c-b7/s540x810/89150d89fd89ebd37f22ac2149079a447e4e3053.gif,Burcu Biricik,"May 4, 1989",Turkish,Blonde,Blue,Female,1980s,1171,Kuzgun (1),Kuzgun (1),https://sites.google.com/view/tessgifs/b/burcu-biricik/kuzgun-1,Kuzgun (8),Kuzgun (8),https://sites.google.com/view/tessgifs/b/burcu-biricik/kuzgun-8,Kuzgun (9),Kuzgun (9),https://sites.google.com/view/tessgifs/b/burcu-biricik/kuzgun-9,Hayat Sarkısı (18),Hayat Sarkısı (18),https://sites.google.com/view/tessgifs/b/burcu-biricik/hayat-sarkisi-18,,,,,,,,,,,,,